Arrhythmia during case,count,proportion
0.0,1736,93.18303811057434
1.0,124,6.655931293612453
,3,0.1610305958132045
