"Coded Cuplrit Vessel (RCA = 1, LCx = 2, LAD = 3)",count,proportion
1.0,709,38.056897477187334
2.0,269,14.439076757917338
3.0,885,47.50402576489533
