"Coded Treatment (1 = PCI, 2 = PTCA, 3 = emergent CABG, 4 = med)",count,proportion
1.0,1714,92.00214707461085
2.0,117,6.280193236714976
3.0,4,0.2147074610842727
4.0,28,1.5029522275899088
