CTO in remote vessel,count,proportion
0.0,1747,93.7734836285561
1.0,116,6.226516371443908
