Diabetes,count,proportion
0.0,1413,75.84541062801932
1.0,278,14.92216854535695
,172,9.232420826623725
