Family History,count,proportion
0.0,1117,59.957058507783145
1.0,458,24.584004294149224
,288,15.458937198067632
