GP IIb/IIIa inhibitor,count,proportion
0.0,827,44.39076757917337
1.0,1002,53.7842190016103
,34,1.8250134192163179
