Hypercholesterolaemia,count,proportion
0.0,1055,56.62909286097692
1.0,677,36.33923778851315
,131,7.0316693505099295
