Hypertension,count,proportion
0.0,931,49.973161567364464
1.0,807,43.31723027375201
,125,6.709608158883522
