IABP/ECMO,count,proportion
0.0,1600,85.88298443370907
1.0,44,2.3617820719269997
,219,11.755233494363928
