ICU admission,count,proportion
0.0,1544,82.87707997852925
1.0,292,15.673644659151906
,27,1.4492753623188406
