In-Hospital Mortality,count,proportion
0.0,1735,93.12936124530327
1.0,128,6.870638754696726
