Inotrope during case,count,proportion
0.0,1591,85.39989264626946
1.0,269,14.439076757917338
,3,0.1610305958132045
