lvef_abnormal,count,proportion
0.0,1419,76.16747181964574
1.0,373,20.021470746108427
,71,3.81105743424584
