Outcome,count,proportion
0.0,1609,86.36607622114867
1.0,254,13.633923778851315
