Pre-Hospital Arrest,count,proportion
0.0,1645,88.29844337090714
1.0,218,11.701556629092861
