Previous stent,count,proportion
0.0,1663,89.26462694578636
1.0,186,9.98389694041868
,14,0.7514761137949544
