Rentrop Simplified,count,proportion
0.0,1464,78.58293075684381
1.0,399,21.4170692431562
