"Sex (0 = Male, 1=Female)",count,proportion
0.0,1436,77.07997852925389
1.0,427,22.920021470746107
