"Smoking History( 2= current, 1 = ex smoke, 0 = never)",count,proportion
0.0,604,32.420826623725176
1.0,431,23.13472893183038
2.0,470,25.22812667740204
,358,19.216317767042405
