TIMI flow pre,count,proportion
0.0,1096,58.829844337090705
1.0,156,8.373590982286634
2.0,511,27.428878153515836
3.0,100,5.367686527106817
