TIMI Flow post,count,proportion
0.0,21,1.1272141706924315
1.0,29,1.556629092860977
2.0,138,7.4074074074074066
3.0,1675,89.90874932903918
