,model,calibration,accuracy,precision,recall,f1_score,auc,outcome,brier_score
0,elasticnet_feature_selection5_oversample,isotonic,0.8552278820375335,0.42857142857142855,0.11538461538461539,0.18181818181818182,0.8174275101845195,Outcome,0.10095611255152442
1,elasticnet_feature_selection5_oversample,sigmoid,0.8498659517426274,0.3,0.057692307692307696,0.0967741935483871,0.822130361849988,Outcome,0.09907075831442816
2,elasticnet_feature_selection5_oversample,none,0.7184986595174263,0.2809917355371901,0.6538461538461539,0.3930635838150289,0.7807931943445963,Outcome,0.20491913165062567
